adduser	3.152
apt	3.0.3
base-files	13.8+deb13u6
base-passwd	3.6.7
bash	5.2.37-2+b9
binutils	2.44-3
binutils-common:amd64	2.44-3
binutils-x86-64-linux-gnu	2.44-3
bsdutils	1:2.41.5-0+deb13u1
build-essential	12.12
bzip2	1.0.8-6
ca-certificates	20250419
coreutils	9.7-3
cpp	4:14.2.0-1
cpp-14	14.2.0-19
cpp-14-x86-64-linux-gnu	14.2.0-19
cpp-x86-64-linux-gnu	4:14.2.0-1
curl	8.14.1-2+deb13u5
dash	0.5.12-12
debconf	1.5.91
debian-archive-keyring	2025.1
debianutils	5.23.2
device-tree-compiler	1.7.2-2+b1
diffutils	1:3.10-4
dirmngr	2.4.7-21+deb13u1+b5
dpkg	1.22.22
dpkg-dev	1.22.22
e2fsprogs	1.47.2-3+b12
fdisk	2.41.5-0+deb13u1
ffmpeg	7:7.1.5-0+deb13u1
findutils	4.10.0-3
fontconfig	2.15.0-2.3
fontconfig-config	2.15.0-2.3
fonts-dejavu-core	2.37-8
fonts-dejavu-mono	2.37-8
g++	4:14.2.0-1
g++-14	14.2.0-19
g++-14-x86-64-linux-gnu	14.2.0-19
g++-x86-64-linux-gnu	4:14.2.0-1
gcc	4:14.2.0-1
gcc-14	14.2.0-19
gcc-14-base:amd64	14.2.0-19
gcc-14-x86-64-linux-gnu	14.2.0-19
gcc-x86-64-linux-gnu	4:14.2.0-1
girepository-tools:amd64	2.84.4-3~deb13u5
git	1:2.47.3-0+deb13u1
git-man	1:2.47.3-0+deb13u1
gnupg	2.4.7-21+deb13u1
gnupg-l10n	2.4.7-21+deb13u1
gpg	2.4.7-21+deb13u1+b5
gpg-agent	2.4.7-21+deb13u1+b5
gpgconf	2.4.7-21+deb13u1+b5
gpgsm	2.4.7-21+deb13u1+b5
grep	3.11-4
gzip	1.13-1
hostname	3.25
init-system-helpers	1.69~deb13u1
libacl1:amd64	2.3.2-2+b1
libaom3:amd64	3.12.1-1+deb13u1
libapt-pkg7.0:amd64	3.0.3
libasan8:amd64	14.2.0-19
libasound2-data	1.2.14-1+deb13u1
libasound2t64:amd64	1.2.14-1+deb13u1
libass9:amd64	1:0.17.3-1+deb13u1
libassuan9:amd64	3.0.2-2
libasyncns0:amd64	0.8-6+b5
libatomic1:amd64	14.2.0-19
libattr1:amd64	1:2.5.2-3
libaudit-common	1:4.0.2-2
libaudit1:amd64	1:4.0.2-2+b2
libavc1394-0:amd64	0.5.4-5+b2
libavcodec61:amd64	7:7.1.5-0+deb13u1
libavdevice61:amd64	7:7.1.5-0+deb13u1
libavfilter10:amd64	7:7.1.5-0+deb13u1
libavformat61:amd64	7:7.1.5-0+deb13u1
libavutil59:amd64	7:7.1.5-0+deb13u1
libbinutils:amd64	2.44-3
libblas3:amd64	3.12.1-6
libblkid-dev:amd64	2.41.5-0+deb13u1
libblkid1:amd64	2.41.5-0+deb13u1
libbluray2:amd64	1:1.3.4-1+b2
libbrotli1:amd64	1.1.0-2+b7
libbs2b0:amd64	3.1.0+dfsg-8+b1
libbsd0:amd64	0.12.2-2
libbz2-1.0:amd64	1.0.8-6
libc-bin	2.41-12+deb13u4
libc-dev-bin	2.41-12+deb13u4
libc6:amd64	2.41-12+deb13u4
libc6-dev:amd64	2.41-12+deb13u4
libcaca0:amd64	0.99.beta20-5+deb13u1
libcairo-gobject2:amd64	1.18.4-1+b1
libcairo2:amd64	1.18.4-1+b1
libcap-ng0:amd64	0.8.5-4+b1
libcap2:amd64	1:2.75-10+deb13u1+b1
libcc1-0:amd64	14.2.0-19
libcdio-cdda2t64:amd64	10.2+2.0.2-1+b1
libcdio-paranoia2t64:amd64	10.2+2.0.2-1+b1
libcdio19t64:amd64	2.2.0-4.1~deb13u1
libchromaprint1:amd64	1.5.1-7
libcjson1:amd64	1.7.18-3.1+deb13u1
libcodec2-1.2:amd64	1.2.0-3
libcom-err2:amd64	1.47.2-3+b12
libcrypt-dev:amd64	1:4.4.38-1
libcrypt1:amd64	1:4.4.38-1
libctf-nobfd0:amd64	2.44-3
libctf0:amd64	2.44-3
libcurl3t64-gnutls:amd64	8.14.1-2+deb13u5
libcurl4t64:amd64	8.14.1-2+deb13u5
libdatrie1:amd64	0.2.13-3+b1
libdav1d7:amd64	1.5.1-1
libdb5.3t64:amd64	5.3.28+dfsg2-9
libdbus-1-3:amd64	1.16.2-2
libdc1394-25:amd64	2.2.6-5
libdebconfclient0:amd64	0.280
libdecor-0-0:amd64	0.2.2-2
libdeflate0:amd64	1.23-2
libdpkg-perl	1.22.22
libdrm-amdgpu1:amd64	2.4.124-2
libdrm-common	2.4.124-2
libdrm-intel1:amd64	2.4.124-2
libdrm2:amd64	2.4.124-2
libdvdnav4:amd64	6.1.1-3+b1
libdvdread8t64:amd64	6.1.3-2
libedit2:amd64	3.1-20250104-1
libelf1t64:amd64	0.192-4
liberror-perl	0.17030-1
libexpat1:amd64	2.8.3-1~deb13u1
libext2fs2t64:amd64	1.47.2-3+b12
libfdisk1:amd64	2.41.5-0+deb13u1
libfdt-dev:amd64	1.7.2-2+b1
libfdt1:amd64	1.7.2-2+b1
libffi-dev:amd64	3.4.8-2
libffi8:amd64	3.4.8-2
libfftw3-double3:amd64	3.3.10-2+b1
libflac14:amd64	1.5.0+ds-2
libflite1:amd64	2.2-7
libfontconfig1:amd64	2.15.0-2.3
libfreetype6:amd64	2.13.3+dfsg-1+deb13u1
libfribidi0:amd64	1.0.16-1
libgbm1:amd64	25.0.7-2+deb13u1
libgcc-14-dev:amd64	14.2.0-19
libgcc-s1:amd64	14.2.0-19
libgcrypt20:amd64	1.11.0-7+deb13u1
libgdbm-compat4t64:amd64	1.24-2
libgdbm6t64:amd64	1.24-2
libgdk-pixbuf-2.0-0:amd64	2.42.12+dfsg-4+deb13u1
libgdk-pixbuf2.0-common	2.42.12+dfsg-4+deb13u1
libgfortran5:amd64	14.2.0-19
libgio-2.0-dev:amd64	2.84.4-3~deb13u5
libgio-2.0-dev-bin	2.84.4-3~deb13u5
libgirepository-2.0-0:amd64	2.84.4-3~deb13u5
libgl1:amd64	1.7.0-1+b2
libgl1-mesa-dri:amd64	25.0.7-2+deb13u1
libglib2.0-0t64:amd64	2.84.4-3~deb13u5
libglib2.0-bin	2.84.4-3~deb13u5
libglib2.0-data	2.84.4-3~deb13u5
libglib2.0-dev:amd64	2.84.4-3~deb13u5
libglib2.0-dev-bin	2.84.4-3~deb13u5
libglvnd0:amd64	1.7.0-1+b2
libglx-mesa0:amd64	25.0.7-2+deb13u1
libglx0:amd64	1.7.0-1+b2
libgme0:amd64	0.6.3-7+b2
libgmp10:amd64	2:6.3.0+dfsg-3
libgnutls30t64:amd64	3.8.9-3+deb13u4
libgomp1:amd64	14.2.0-19
libgpg-error0:amd64	1.51-4
libgpgme11t64:amd64	1.24.2-3
libgpgmepp6t64:amd64	1.24.2-3
libgprofng0:amd64	2.44-3
libgraphite2-3:amd64	1.3.14-2+deb13u1
libgsm1:amd64	1.0.22-1+b2
libgssapi-krb5-2:amd64	1.21.3-5+deb13u1
libharfbuzz0b:amd64	10.2.0-1+deb13u1
libhogweed6t64:amd64	3.10.1-1
libhwasan0:amd64	14.2.0-19
libhwy1t64:amd64	1.2.0-2+b2
libidn2-0:amd64	2.3.8-2
libiec61883-0:amd64	1.2.0-7
libimagequant0:amd64	2.18.0-1+b2
libisl23:amd64	0.27-1
libitm1:amd64	14.2.0-19
libjack-jackd2-0:amd64	1.9.22~dfsg-4
libjansson4:amd64	2.14-2+b3
libjbig0:amd64	2.1-6.1+b2
libjpeg62-turbo:amd64	1:2.1.5-4
libjxl0.11:amd64	0.11.2-0.1~deb13u2
libk5crypto3:amd64	1.21.3-5+deb13u1
libkeyutils1:amd64	1.6.3-6
libkrb5-3:amd64	1.21.3-5+deb13u1
libkrb5support0:amd64	1.21.3-5+deb13u1
libksba8:amd64	1.6.7-2+b1
liblapack3:amd64	3.12.1-6
liblastlog2-2:amd64	2.41.5-0+deb13u1
liblcms2-2:amd64	2.16-2+deb13u2
libldap2:amd64	2.6.10+dfsg-1
liblerc4:amd64	4.0.0+ds-5
liblilv-0-0:amd64	0.24.26-1
libllvm19:amd64	1:19.1.7-3+b1
liblsan0:amd64	14.2.0-19
liblz4-1:amd64	1.10.0-4
liblzma5:amd64	5.8.1-1+deb13u2
libmbedcrypto16:amd64	3.6.6-0.1~deb13u1
libmd0:amd64	1.1.0-2+b1
libmount-dev:amd64	2.41.5-0+deb13u1
libmount1:amd64	2.41.5-0+deb13u1
libmp3lame0:amd64	3.100-6+b3
libmpc3:amd64	1.3.1-1+b3
libmpfr6:amd64	4.2.2-1
libmpg123-0t64:amd64	1.32.10-1+deb13u1
libmysofa1:amd64	1.3.3+dfsg-1
libncursesw6:amd64	6.5+20250216-2
libnettle8t64:amd64	3.10.1-1
libnghttp2-14:amd64	1.64.0-1.1+deb13u1
libnghttp3-9:amd64	1.8.0-1
libngtcp2-16:amd64	1.11.0-1+deb13u1
libngtcp2-crypto-gnutls8:amd64	1.11.0-1+deb13u1
libnorm1t64:amd64	1.5.9+dfsg-3.1+b2
libnpth0t64:amd64	1.8-3
libnspr4:amd64	2:4.36-1
libnss3:amd64	2:3.110-1+deb13u4
libnuma1:amd64	2.0.19-1
libogg0:amd64	1.3.5-3+b2
libopenal-data	1:1.24.2-1
libopenal1:amd64	1:1.24.2-1
libopenjp2-7:amd64	2.5.3-2.1~deb13u2
libopenmpt0t64:amd64	0.7.13-1+b1
libopus0:amd64	1.5.2-2
libp11-kit0:amd64	0.25.5-3
libpam-modules:amd64	1.7.0-5
libpam-modules-bin	1.7.0-5
libpam-runtime	1.7.0-5
libpam0g:amd64	1.7.0-5
libpango-1.0-0:amd64	1.56.3-1
libpangocairo-1.0-0:amd64	1.56.3-1
libpangoft2-1.0-0:amd64	1.56.3-1
libpciaccess0:amd64	0.17-3+b3
libpcre2-16-0:amd64	10.46-1~deb13u3
libpcre2-32-0:amd64	10.46-1~deb13u3
libpcre2-8-0:amd64	10.46-1~deb13u3
libpcre2-dev:amd64	10.46-1~deb13u3
libpcre2-posix3:amd64	10.46-1~deb13u3
libperl5.40:amd64	5.40.1-6+deb13u1
libpgm-5.3-0t64:amd64	5.3.128~dfsg-2.1+b1
libpixman-1-0:amd64	0.44.0-3
libpixman-1-dev:amd64	0.44.0-3
libpkgconf3:amd64	1.8.1-4
libplacebo349:amd64	7.349.0-3
libpng16-16t64:amd64	1.6.48-1+deb13u6
libpocketsphinx3:amd64	0.8+5prealpha+1-15+b4
libpoppler147:amd64	25.03.0-5+deb13u4
libpostproc58:amd64	7:7.1.5-0+deb13u1
libpsl5t64:amd64	0.21.2-1.1+b1
libpulse0:amd64	17.0+dfsg1-2+b1
libpython3-stdlib:amd64	3.13.5-1
libpython3.13-minimal:amd64	3.13.5-2+deb13u5
libpython3.13-stdlib:amd64	3.13.5-2+deb13u5
libquadmath0:amd64	14.2.0-19
librabbitmq4:amd64	0.15.0-1+deb13u2
libraqm0:amd64	0.10.2-1
librav1e0.7:amd64	0.7.1-9+b2
libraw1394-11:amd64	2.1.2-2+b2
libreadline8t64:amd64	8.2-6
librist4:amd64	0.2.11+dfsg-1
librsvg2-2:amd64	2.60.0+dfsg-1
librtmp1:amd64	2.4+20151223.gitfa8646d.1-2+b5
librubberband2:amd64	3.3.0+dfsg-2+b3
libsamplerate0:amd64	0.2.2-4+b2
libsasl2-2:amd64	2.1.28+dfsg1-9
libsasl2-modules-db:amd64	2.1.28+dfsg1-9
libsdl2-2.0-0:amd64	2.32.4+dfsg-1
libseccomp2:amd64	2.6.0-2
libselinux1:amd64	3.8.1-1
libselinux1-dev:amd64	3.8.1-1
libsemanage-common	3.8.1-1
libsemanage2:amd64	3.8.1-1
libsensors-config	1:3.6.2-2
libsensors5:amd64	1:3.6.2-2
libsepol-dev:amd64	3.8.1-1
libsepol2:amd64	3.8.1-1
libserd-0-0:amd64	0.32.4-1
libsframe1:amd64	2.44-3
libsharpyuv0:amd64	1.5.0-0.1
libshine3:amd64	3.1.1-2+b2
libslang2:amd64	2.3.3-5+b2
libsmartcols1:amd64	2.41.5-0+deb13u1
libsnappy1v5:amd64	1.2.2-1
libsndfile1:amd64	1.2.2-2+deb13u1
libsodium23:amd64	1.0.18-1+deb13u1
libsord-0-0:amd64	0.16.18-1
libsoxr0:amd64	0.1.3-4+b2
libspeex1:amd64	1.2.1-3
libsphinxbase3t64:amd64	0.8+5prealpha+1-21+b1
libsqlite3-0:amd64	3.46.1-7+deb13u1
libsratom-0-0:amd64	0.6.18-1
libsrt1.5-gnutls:amd64	1.5.4-1+deb13u1
libss2:amd64	1.47.2-3+b12
libssh-4:amd64	0.11.5-0+deb13u1
libssh2-1t64:amd64	1.11.1-1+deb13u2
libssl3t64:amd64	3.5.7-1~deb13u3
libstdc++-14-dev:amd64	14.2.0-19
libstdc++6:amd64	14.2.0-19
libsvtav1enc2:amd64	2.3.0+dfsg-1
libswresample5:amd64	7:7.1.5-0+deb13u1
libswscale8:amd64	7:7.1.5-0+deb13u1
libsysprof-capture-4-dev:amd64	48.0-2
libsystemd0:amd64	257.13-1~deb13u1
libtasn1-6:amd64	4.20.0-2+deb13u1
libthai-data	0.1.29-2
libthai0:amd64	0.1.29-2+b1
libtheoradec1:amd64	1.2.0~alpha1+dfsg-6
libtheoraenc1:amd64	1.2.0~alpha1+dfsg-6
libtiff6:amd64	4.7.0-3+deb13u3
libtinfo6:amd64	6.5+20250216-2
libtsan2:amd64	14.2.0-19
libtwolame0:amd64	0.4.0-2+b2
libubsan1:amd64	14.2.0-19
libudev1:amd64	257.13-1~deb13u1
libudfread0:amd64	1.1.2-1+b2
libunibreak6:amd64	6.1-3
libunistring5:amd64	1.3-2
libusb-1.0-0:amd64	2:1.0.28-1
libuuid1:amd64	2.41.5-0+deb13u1
libva-drm2:amd64	2.22.0-3
libva-x11-2:amd64	2.22.0-3
libva2:amd64	2.22.0-3
libvdpau1:amd64	1.5-3+b1
libvidstab1.1:amd64	1.1.0-2+b2
libvorbis0a:amd64	1.3.7-3
libvorbisenc2:amd64	1.3.7-3
libvorbisfile3:amd64	1.3.7-3
libvpl2	1:2.14.0-1+b1
libvpx9:amd64	1.15.0-2.1+deb13u1
libvulkan1:amd64	1.4.309.0-1
libwayland-client0:amd64	1.23.1-3
libwayland-cursor0:amd64	1.23.1-3
libwayland-egl1:amd64	1.23.1-3
libwayland-server0:amd64	1.23.1-3
libwebp7:amd64	1.5.0-0.1
libwebpdemux2:amd64	1.5.0-0.1
libwebpmux3:amd64	1.5.0-0.1
libx11-6:amd64	2:1.8.12-1
libx11-data	2:1.8.12-1
libx11-xcb1:amd64	2:1.8.12-1
libx264-164:amd64	2:0.164.3108+git31e19f9-2+b1
libx265-215:amd64	4.1-2
libxau6:amd64	1:1.0.11-1
libxcb-dri3-0:amd64	1.17.0-2+b1
libxcb-glx0:amd64	1.17.0-2+b1
libxcb-present0:amd64	1.17.0-2+b1
libxcb-randr0:amd64	1.17.0-2+b1
libxcb-render0:amd64	1.17.0-2+b1
libxcb-shape0:amd64	1.17.0-2+b1
libxcb-shm0:amd64	1.17.0-2+b1
libxcb-sync1:amd64	1.17.0-2+b1
libxcb-xfixes0:amd64	1.17.0-2+b1
libxcb1:amd64	1.17.0-2+b1
libxcursor1:amd64	1:1.2.3-1
libxdmcp6:amd64	1:1.1.5-1
libxext6:amd64	2:1.3.4-1+b3
libxfixes3:amd64	1:6.0.0-2+b4
libxi6:amd64	2:1.8.2-1
libxkbcommon0:amd64	1.7.0-2
libxml2:amd64	2.12.7+dfsg+really2.9.14-2.1+deb13u3
libxrandr2:amd64	2:1.5.4-1+b3
libxrender1:amd64	1:0.9.12-1
libxshmfence1:amd64	1.3.3-1
libxss1:amd64	1:1.2.3-1+b3
libxv1:amd64	2:1.0.11-1.1+b3
libxvidcore4:amd64	2:1.3.7-1+b2
libxxf86vm1:amd64	1:1.1.4-1+b4
libxxhash0:amd64	0.8.3-2
libyaml-0-2:amd64	0.2.5-2
libz3-4:amd64	4.13.3-1
libzimg2:amd64	3.0.5+ds1-1+b2
libzix-0-0:amd64	0.6.2-1
libzmq5:amd64	4.3.5-1+b3
libzstd1:amd64	1.5.7+dfsg-1
libzvbi-common	0.2.44-1
libzvbi0t64:amd64	0.2.44-1
linux-libc-dev	6.12.111-1
login	1:4.16.0-2+really2.41.5-0+deb13u1
login.defs	1:4.17.4-2
logsave	1.47.2-3+b12
make	4.4.1-2
mawk	1.3.4.20250131-1
media-types	13.0.0
mesa-libgallium:amd64	25.0.7-2+deb13u1
mount	2.41.5-0+deb13u1
mtools	4.0.48-1
native-architecture	0.2.6
ncurses-base	6.5+20250216-2
ncurses-bin	6.5+20250216-2
netbase	6.5
ninja-build	1.12.1-1
ocl-icd-libopencl1:amd64	2.3.3-1
openssl	3.5.7-1~deb13u3
openssl-provider-legacy	3.5.7-1~deb13u3
passwd	1:4.17.4-2
patch	2.8-2
perl	5.40.1-6+deb13u1
perl-base	5.40.1-6+deb13u1
perl-modules-5.40	5.40.1-6+deb13u1
pinentry-curses	1.3.1-2
pkg-config:amd64	1.8.1-4
pkgconf:amd64	1.8.1-4
pkgconf-bin	1.8.1-4
poppler-utils	25.03.0-5+deb13u4
python3	3.13.5-1
python3-minimal	3.13.5-1
python3-packaging	25.0-1
python3-pil:amd64	11.1.0-5+deb13u4
python3-pip	25.1.1+dfsg-1
python3-pip-whl	25.1.1+dfsg-1
python3-setuptools-whl	78.1.1-0.1
python3-venv	3.13.5-1
python3-wheel	0.46.1-2
python3.13	3.13.5-2+deb13u5
python3.13-minimal	3.13.5-2+deb13u5
python3.13-venv	3.13.5-2+deb13u5
readline-common	8.2-6
rpcsvc-proto	1.4.3-1
sed	4.9-2+deb13u1
shared-mime-info	2.4-5+b2
sqv	1.3.0-3+b2
sysvinit-utils	3.14-4
tar	1.35+dfsg-3.1
tzdata	2026b-0+deb13u1
util-linux	2.41.5-0+deb13u1
uuid-dev:amd64	2.41.5-0+deb13u1
x11-common	1:7.7+24+deb13u1
xkb-data	2.42-1
xz-utils	5.8.1-1+deb13u2
zlib1g:amd64	1:1.3.dfsg+really1.3.1-1+b1
zlib1g-dev:amd64	1:1.3.dfsg+really1.3.1-1+b1
